{
	"dalek.exter": {"category": "master","sounds": [{"name": "dalek/exter","stream": false}]},
	"dalek.dalekstay": {"category": "master","sounds": [{"name": "dalek/dalekstay","stream": false}]},
	"dalek.dalekyou": {"category": "master","sounds": [{"name": "dalek/dalekyou","stream": false}]},
	"dalek.autongun": {"category": "master","sounds": [{"name": "dalek/autongun","stream": false}]},
	"dalek.classicexter": {"category": "master","sounds": [{"name": "dalek/classicexter","stream": false}]},
	"dalek.cyberincom": {"category": "master","sounds": [{"name": "dalek/cyberincom","stream": false}]},
	"dalek.CyberStomp": {"category": "master","sounds": [{"name": "dalek/CyberStomp","stream": false}]},
	"dalek.dalekdestroy": {"category": "master","sounds": [{"name": "dalek/dalekdestroy","stream": false}]},
	"dalek.dalekscream": {"category": "master","sounds": [{"name": "dalek/dalekscream","stream": false}]},
	"dalek.dalekshift": {"category": "master","sounds": [{"name": "dalek/dalekshift","stream": false}]},
	"dalek.dalekshoot": {"category": "master","sounds": [{"name": "dalek/dalekshoot","stream": false}]},
	"dalek.delete": {"category": "master","sounds": [{"name": "dalek/delete","stream": false}]},
	"dalek.deleted": {"category": "master","sounds": [{"name": "dalek/deleted","stream": false}]},
	"dalek.empchildaymm": {"category": "master","sounds": [{"name": "dalek/empchildaymm","stream": false}]},
	"dalek.exterstn": {"category": "master","sounds": [{"name": "dalek/exterstn","stream": false}]},
	"dalek.k9aff": {"category": "master","sounds": [{"name": "dalek/k9aff","stream": false}]},
	"dalek.k9fail": {"category": "master","sounds": [{"name": "dalek/k9fail","stream": false}]},
	"dalek.k9max": {"category": "master","sounds": [{"name": "dalek/k9max","stream": false}]},
	"dalek.sonicscrewdriver": {"category": "master","sounds": [{"name": "dalek/sonicscrewdriver","stream": false}]},
	"dalek.stepSoundTardis": {"category": "master","sounds": [{"name": "dalek/stepSoundTardis","stream": false}]},
	"dalek.tardis": {"category": "master","sounds": [{"name": "dalek/tardis","stream": true}]},
	"dalek.tardisDemat": {"category": "master","sounds": [{"name": "dalek/tardisDemat","stream": false}]},
	"dalek.TardisMUH": {"category": "master","sounds": [{"name": "dalek/TardisMUH","stream": false}]},
	"dalek.tardisRemat": {"category": "master","sounds": [{"name": "dalek/tardisRemat","stream": false}]},
	"dalek.youwillbecome": {"category": "master","sounds": [{"name": "dalek/youwillbecome","stream": false}]},
	"dalek.xp": {"category": "master","sounds": [{"name": "dalek/xp","stream": false}]},
	"dalek.stormexter": {"category": "master","sounds": [{"name": "dalek/storm_exterminate","stream": false}]},
	"dalek.stormhere": {"category": "master","sounds": [{"name": "dalek/storm_is_here","stream": false}]},
	"dalek.stormdead": {"category": "master","sounds": [{"name": "dalek/storm_death","stream": false}]},
	"dalek.stormsong": {"category": "master","sounds": [{"name": "dalek/stormsong","stream": true}]},
	"dalek.classicgun": {"category": "master","sounds": [{"name": "dalek/classicdalekgun","stream": false}]},
	"dalek.swdfire": {"category": "master","sounds": [{"name": "dalek/swdfire","stream": false}]},
	"dalek.tardisDoorOpen": {"category": "master","sounds": [{"name": "dalek/tardisDoorOpen","stream": false}]},
	"dalek.tardisDoorShut": {"category": "master","sounds": [{"name": "dalek/tardisDoorShut","stream": false}]},
	"dalek.stormshift": {"category": "master","sounds": [{"name": "dalek/stormshift","stream": false}]},
	"dalek.60sdalek.annihilate": {"category": "master","sounds": [{"name": "dalek/60sdalek/annihilate","stream": false}]},
	"dalek.60sdalek.dalekscannotbedefeated": {"category": "master","sounds": [{"name": "dalek/60sdalek/dalekscannotbedefeated","stream": false}]},
	"dalek.60sdalek.exterminatethem": {"category": "master","sounds": [{"name": "dalek/60sdalek/exterminatethem","stream": false}]},
	"dalek.60sdalek.exterminate_1": {"category": "master","sounds": [{"name": "dalek/60sdalek/exterminate_1","stream": false}]},
	"dalek.60sdalek.exterminate_2": {"category": "master","sounds": [{"name": "dalek/60sdalek/exterminate_2","stream": false}]},
	"dalek.60sdalek.exterminate_3": {"category": "master","sounds": [{"name": "dalek/60sdalek/exterminate_3","stream": false}]},
	"dalek.60sdalek.faceextermination": {"category": "master","sounds": [{"name": "dalek/60sdalek/faceextermination","stream": false}]},
	"dalek.60sdalek.locateanddestroy": {"category": "master","sounds": [{"name": "dalek/60sdalek/locateanddestroy","stream": false}]},
	"dalek.60sdalek.nothingcanstopthedaleks": {"category": "master","sounds": [{"name": "dalek/60sdalek/nothingcanstopthedaleks","stream": false}]},
	"dalek.60sdalek.onedalek": {"category": "master","sounds": [{"name": "dalek/60sdalek/onedalek","stream": false}]},
	"dalek.60sdalek.ourenemy": {"category": "master","sounds": [{"name": "dalek/60sdalek/ourenemy","stream": false}]},
	"dalek.60sdalek.spacetravelers": {"category": "master","sounds": [{"name": "dalek/60sdalek/spacetravelers","stream": false}]},
	"dalek.60sdalek.weobey": {"category": "master","sounds": [{"name": "dalek/60sdalek/weobey","stream": false}]},
	"dalek.60sdalek.youwillbeexterminated": {"category": "master","sounds": [{"name": "dalek/60sdalek/youwillbeexterminated","stream": false}]},
	"dalek.70sdalek.advance": {"category": "master","sounds": [{"name": "dalek/70sdalek/advance","stream": false}]},
	"dalek.70sdalek.alert": {"category": "master","sounds": [{"name": "dalek/70sdalek/alert","stream": false}]},
	"dalek.70sdalek.donotmove": {"category": "master","sounds": [{"name": "dalek/70sdalek/donotmove","stream": false}]},
	"dalek.70sdalek.emergency": {"category": "master","sounds": [{"name": "dalek/70sdalek/emergency","stream": false}]},
	"dalek.70sdalek.exterminate": {"category": "master","sounds": [{"name": "dalek/70sdalek/exterminate","stream": false}]},
	"dalek.70sdalek.exterminate_2": {"category": "master","sounds": [{"name": "dalek/70sdalek/exterminate_2","stream": false}]},
	"dalek.70sdalek.exterminate_3": {"category": "master","sounds": [{"name": "dalek/70sdalek/exterminate_3","stream": false}]},
	"dalek.70sdalek.exterminate_4": {"category": "master","sounds": [{"name": "dalek/70sdalek/exterminate_4","stream": false}]},
	"dalek.70sdalek.exterminate_5": {"category": "master","sounds": [{"name": "dalek/70sdalek/exterminate_5","stream": false}]},
	"dalek.70sdalek.hault": {"category": "master","sounds": [{"name": "dalek/70sdalek/hault","stream": false}]},
	"dalek.70sdalek.iobey": {"category": "master","sounds": [{"name": "dalek/70sdalek/iobey","stream": false}]},
	"dalek.70sdalek.nopity": {"category": "master","sounds": [{"name": "dalek/70sdalek/nopity","stream": false}]},
	"dalek.70sdalek.pity": {"category": "master","sounds": [{"name": "dalek/70sdalek/pity","stream": false}]},
	"dalek.70sdalek.pursue": {"category": "master","sounds": [{"name": "dalek/70sdalek/pursue","stream": false}]},
	"dalek.70sdalek.rightfulplace": {"category": "master","sounds": [{"name": "dalek/70sdalek/rightfulplace","stream": false}]},
	"dalek.70sdalek.seeklocate": {"category": "master","sounds": [{"name": "dalek/70sdalek/seeklocate","stream": false}]},
	"dalek.70sdalek.seeklocate_2": {"category": "master","sounds": [{"name": "dalek/70sdalek/seeklocate_2","stream": false}]},
	"dalek.70sdalek.superiorbeings": {"category": "master","sounds": [{"name": "dalek/70sdalek/superiorbeings","stream": false}]},
	"dalek.70sdalek.surrender": {"category": "master","sounds": [{"name": "dalek/70sdalek/surrender","stream": false}]},
	"dalek.70sdalek.surrender_2": {"category": "master","sounds": [{"name": "dalek/70sdalek/surrender_2","stream": false}]},
	"dalek.70sdalek.surrender_3": {"category": "master","sounds": [{"name": "dalek/70sdalek/surrender_3","stream": false}]},
	"dalek.70sdalek.surrender_4": {"category": "master","sounds": [{"name": "dalek/70sdalek/surrender_4","stream": false}]},
	"dalek.70sdalek.youmustbeextermianted": {"category": "master","sounds": [{"name": "dalek/70sdalek/youmustbeextermianted","stream": false}]},
	"dalek.80sdalek.enemyexterminate": {"category": "master","sounds": [{"name": "dalek/80sdalek/enemyexterminate","stream": false}]},
	"dalek.80sdalek.exterminate": {"category": "master","sounds": [{"name": "dalek/80sdalek/exterminate","stream": false}]},
	"dalek.80sdalek.superior": {"category": "master","sounds": [{"name": "dalek/80sdalek/superior","stream": false}]},
	"dalek.80sdalek.weareheretoexterminate": {"category": "master","sounds": [{"name": "dalek/80sdalek/weareheretoexterminate","stream": false}]},
	"dalek.imperial.backuprequested": {"category": "master","sounds": [{"name": "dalek/imperial/backuprequested","stream": false}]},
	"dalek.imperial.donotmove": {"category": "master","sounds": [{"name": "dalek/imperial/donotmove","stream": false}]},
	"dalek.imperial.exterminate": {"category": "master","sounds": [{"name": "dalek/imperial/exterminate","stream": false}]},
	"dalek.imperial.exterminate_2": {"category": "master","sounds": [{"name": "dalek/imperial/exterminate_2","stream": false}]},
	"dalek.imperial.exterminate_3": {"category": "master","sounds": [{"name": "dalek/imperial/exterminate_3","stream": false}]},
	"dalek.imperial.exterminate_4": {"category": "master","sounds": [{"name": "dalek/imperial/exterminate_4","stream": false}]},
	"dalek.imperial.exterminate_5": {"category": "master","sounds": [{"name": "dalek/imperial/exterminate_5","stream": false}]},
	"dalek.imperial.exterminate_6": {"category": "master","sounds": [{"name": "dalek/imperial/exterminate_6","stream": false}]},
	"dalek.imperial.exterminate_7": {"category": "master","sounds": [{"name": "dalek/imperial/exterminate_7","stream": false}]},
	"dalek.imperial.exterminate_8": {"category": "master","sounds": [{"name": "dalek/imperial/exterminate_8","stream": false}]},
	"dalek.imperial.exterminate_9": {"category": "master","sounds": [{"name": "dalek/imperial/exterminate_9","stream": false}]},
	"dalek.imperial.staywhereyouare": {"category": "master","sounds": [{"name": "dalek/imperial/staywhereyouare","stream": false}]},
	"dalek.imperial.youareanenemy": {"category": "master","sounds": [{"name": "dalek/imperial/youareanenemy","stream": false}]},
	"dalek.imperial.youwillbeexterminated": {"category": "master","sounds": [{"name": "dalek/imperial/youwillbeexterminated","stream": false}]},
	"dalek.moviedalek.donotmove": {"category": "master","sounds": [{"name": "dalek/moviedalek/donotmove","stream": false}]},
	"dalek.moviedalek.exterminate": {"category": "master","sounds": [{"name": "dalek/moviedalek/exterminate","stream": false}]},
	"dalek.moviedalek.hault": {"category": "master","sounds": [{"name": "dalek/moviedalek/hault","stream": false}]},
	"dalek.moviedalek.hault_2": {"category": "master","sounds": [{"name": "dalek/moviedalek/hault_2","stream": false}]},
	"dalek.moviedalek.staywhereyouare": {"category": "master","sounds": [{"name": "dalek/moviedalek/staywhereyouare","stream": false}]},
	"dalek.moviedalek.staywhereyouare_2": {"category": "master","sounds": [{"name": "dalek/moviedalek/staywhereyouare_2","stream": false}]},
	"dalek.moviedalek.staywhereyouare_3": {"category": "master","sounds": [{"name": "dalek/moviedalek/staywhereyouare_3","stream": false}]},
	"dalek.moviedalek.trapped": {"category": "master","sounds": [{"name": "dalek/moviedalek/trapped","stream": false}]},
	"dalek.newseriesdaleks.alert": {"category": "master","sounds": [{"name": "dalek/newseriesdaleks/alert","stream": false}]},
	"dalek.newseriesdaleks.comewithus": {"category": "master","sounds": [{"name": "dalek/newseriesdaleks/comewithus","stream": false}]},
	"dalek.newseriesdaleks.daleksrulesupreme": {"category": "master","sounds": [{"name": "dalek/newseriesdaleks/daleksrulesupreme","stream": false}]},
	"dalek.newseriesdaleks.extermiante": {"category": "master","sounds": [{"name": "dalek/newseriesdaleks/extermiante","stream": false}]},
	"dalek.newseriesdaleks.extermiante_10": {"category": "master","sounds": [{"name": "dalek/newseriesdaleks/extermiante_10","stream": false}]},
	"dalek.newseriesdaleks.extermiante_11": {"category": "master","sounds": [{"name": "dalek/newseriesdaleks/extermiante_11","stream": false}]},
	"dalek.newseriesdaleks.extermiante_2": {"category": "master","sounds": [{"name": "dalek/newseriesdaleks/extermiante_2","stream": false}]},
	"dalek.newseriesdaleks.extermiante_3": {"category": "master","sounds": [{"name": "dalek/newseriesdaleks/extermiante_3","stream": false}]},
	"dalek.newseriesdaleks.extermiante_4": {"category": "master","sounds": [{"name": "dalek/newseriesdaleks/extermiante_4","stream": false}]},
	"dalek.newseriesdaleks.extermiante_5": {"category": "master","sounds": [{"name": "dalek/newseriesdaleks/extermiante_5","stream": false}]},
	"dalek.newseriesdaleks.extermiante_6": {"category": "master","sounds": [{"name": "dalek/newseriesdaleks/extermiante_6","stream": false}]},
	"dalek.newseriesdaleks.extermiante_7": {"category": "master","sounds": [{"name": "dalek/newseriesdaleks/extermiante_7","stream": false}]},
	"dalek.newseriesdaleks.extermiante_8": {"category": "master","sounds": [{"name": "dalek/newseriesdaleks/extermiante_8","stream": false}]},
	"dalek.newseriesdaleks.extermiante_9": {"category": "master","sounds": [{"name": "dalek/newseriesdaleks/extermiante_9","stream": false}]},
	"dalek.newseriesdaleks.humansexterminated": {"category": "master","sounds": [{"name": "dalek/newseriesdaleks/humansexterminated","stream": false}]},
	"dalek.newseriesdaleks.resistance": {"category": "master","sounds": [{"name": "dalek/newseriesdaleks/resistance","stream": false}]},
	"dalek.newseriesdaleks.surrender": {"category": "master","sounds": [{"name": "dalek/newseriesdaleks/surrender","stream": false}]},
	"dalek.newseriesdaleks.youwillbeexterminated": {"category": "master","sounds": [{"name": "dalek/newseriesdaleks/youwillbeexterminated","stream": false}]},
	"dalek.testdavrosremove": {"category": "master","sounds": [{"name": "dalek/testdavrosremove","stream": false}]}
	
}